FirstName,MiddleName,LastName,HomeAddress,Email,Phone,Notes
Joe,Greg,Smith,2356 Elm St.,joesmith@sfghwert.com,(310) 555-1212,Always gets products home delivered
Grace,Murray,Hopper,123 Compilation Street,gmhopper@ftyuw46.com,(818) 555-3678,Compiler pioneer
Ada,,Lovelace,22 Algorithm Way,adalovelace@fgjw54af.gov,(717) 555-3457,First software engineer
Joseph,Force,Carter,1313 Mockingbird Lane,judgecrater@ev56gfwrty.com,(212) 555-5678,Works everyday
Orville,,Wright,80 Bicycle Lane,owright@sdg98.edu,(211) 555-4444,First pilot
Jacqueline,Jackie,Cochran,1701 Flightspeed Avenue,jackiecochrane@jryuwp8qe4w.gov,(717) 555-3457,Researcher
,Paul,Jones,126 Bonhomme Richard Ave,jpjones@bonhommerichard.edu,(216) 555-6232,Admiral